2014-12-01,354.9641954534305,0.04655554
2014-12-02,377.9958343330934,15.0036
2014-12-03,377.815507926618,0.53660842
2014-12-08,375.0,0.225
2014-12-10,360.5,0.01
2014-12-12,353.7241612903225,3.1
2014-12-18,340.0,1.0
2015-01-08,295.1600193423644,10.339999999999826
2015-01-14,155.72057677315155,11.294637779999809
2015-01-15,200.0092710875991,2.8473207399999825
2015-01-16,205.3165811965835,4.6799999999999455
2015-01-17,195.77528089887642,0.089
2015-01-19,210.50032258064513,0.31000000000000005
2015-01-20,214.33333333333334,0.03
2015-01-21,223.03050040710306,0.12770721999999998
2015-01-22,229.49211494252964,4.34999999999998
2015-01-23,230.2940276821901,0.170001
2015-01-24,248.32947976878603,1.7300000000000006
2015-01-25,250.9008008702741,478.72564094000006
2015-01-26,279.3375626610204,5179.91949404005
2015-01-27,262.53133283691494,1630.085465529986
2015-01-28,246.19707277528448,5339.458137060215
2015-01-29,233.3741994587109,6640.481647900184
2015-01-30,233.76191904642576,5774.202152190144
2015-01-31,228.20261538995658,5593.758790790132
2015-02-01,221.84819180169552,7233.464721950368
2015-02-02,228.43123343549019,7451.554216180271
2015-02-03,236.71040858962746,8321.912988640343
2015-02-04,226.13447647649463,9147.689274420421
2015-02-05,220.9887139347669,7403.441328930524
2015-02-06,221.3363094955004,5693.954066640197
2015-02-07,226.93532730551473,4099.984907730045
2015-02-08,225.34450741314996,4294.5792908101
2015-02-09,221.116422609821,6551.210768210322
2015-02-10,218.8600785021141,5397.8426521300435
2015-02-11,221.28664715596835,8986.79826057017
2015-02-12,220.89376801192566,7833.438759890272
2015-02-13,234.2334707846529,15257.628393000494
2015-02-14,248.89878404897198,15319.949153000489
2015-02-15,246.98427000507334,16943.689411700085
2015-02-16,235.3012331890419,10505.751982440283
2015-02-17,240.82685523203986,16806.6025722203
2015-02-18,239.5067420316198,12926.087937640832
2015-02-19,239.65600058256746,9467.150781580689
2015-02-20,244.2141399711231,11200.66642565066
2015-02-21,245.76922965995553,6213.7745030401275
2015-02-22,240.27957199880467,8280.008721000353
2015-02-23,237.5700634529503,10028.106328200216
2015-02-24,239.2934557790771,8923.534388780388
2015-02-25,238.67542983910104,7840.733842670121
2015-02-26,237.02212193429358,8549.577126460206
2015-02-27,251.7701451452102,20700.98719841096
2015-02-28,253.62816949888665,7486.392485070361
2015-03-01,253.67209401690536,10419.195559909942
2015-03-02,266.2686339718398,18217.651464519626
2015-03-03,277.50696480879,18829.814482790523
2015-03-04,279.1492749705302,14753.655608370107
2015-03-05,271.43751635930784,11638.121782520286
2015-03-06,274.08904142120554,10144.826931540178
2015-03-07,274.82103206778237,6221.9594153502885
2015-03-08,275.544254340935,5137.838630600263
2015-03-09,285.0558165860667,13736.242045459781
2015-03-10,295.5381443905219,16270.043470069802
2015-03-11,294.70497732619924,9776.519039750478
2015-03-12,295.622718730635,9640.91561676019
2015-03-13,290.68407483514085,12043.683022860632
2015-03-14,285.05019224200913,7282.576633110307
2015-03-15,286.4548084976858,4415.639155860292
2015-03-16,292.55533629575797,8869.04683551017
2015-03-17,289.89373643119194,7791.642809200221
2015-03-18,269.32175258941663,18679.019473459597
2015-03-19,259.11792882675655,16404.545084760386
2015-03-20,263.3517615420136,7566.576372410409
2015-03-21,261.19930994652844,6016.278187960326
2015-03-22,264.5899664331262,5819.244995130206
2015-03-23,267.68225451466236,13635.257552890658
2015-03-24,251.82716610874206,17690.086147930404
2015-03-25,245.33674833536693,11846.565141900963
2015-03-26,250.72422817361655,10904.15086400064
2015-03-27,248.7967538985879,8447.877558320315
2015-03-28,252.0494872820334,5887.868704690329
2015-03-29,246.1249838820455,8214.465004630347
2015-03-30,245.86558305056818,11380.016577810426
2015-03-31,246.25881866568108,8295.448944290249
2015-04-01,244.8227720737291,9316.930777340294
2015-04-02,250.017736854227,9324.77339420057
2015-04-03,254.93990838243798,7056.913292020544
2015-04-04,253.9891202381548,4411.624166190015
2015-04-05,256.8003512630897,5123.44466942013
2015-04-06,259.31263707074385,7388.8177517801905
2015-04-07,256.0128364066394,7810.710397400534
2015-04-08,249.49831652942714,7597.244387100318
2015-04-09,245.03184243675346,7581.022790410247
2015-04-10,237.9612988166918,11539.900386070416
2015-04-11,237.2606146632667,5547.966369200088
2015-04-12,237.66838234542882,4470.708482930046
2015-04-13,230.78523761548158,11477.148142880302
2015-04-14,221.45169252199184,12104.989175610503
2015-04-15,221.90860301431488,8696.816505450315
2015-04-16,227.81951869602858,8339.988324630127
2015-04-17,225.3798904041702,7454.571804550131
2015-04-18,223.31259964069426,4620.246070260065
2015-04-19,224.6274437171896,4613.788721660051
2015-04-20,225.12153261856932,7206.122179750184
2015-04-21,227.9900170640589,9634.931973430326
2015-04-22,235.90331898281536,7519.570560400085
2015-04-23,234.8359735160078,6489.135241030117
2015-04-24,232.79522310046366,6515.809588570197
2015-04-25,230.09507543728319,5047.15594574008
2015-04-26,220.24558358782306,9401.029676250417
2015-04-27,222.73616245504536,11720.009164600264
2015-04-28,225.44145730615529,7101.118712760167
2015-04-29,225.14373097920114,6816.540210030156
2015-04-30,232.49381557200175,11228.804584080466
2015-05-01,235.95867252054123,9551.211541771008
2015-05-02,235.07102440862593,6579.207089760275
2015-05-03,239.57613543265882,5497.610518140233
2015-05-04,240.59660169710807,8960.592491060486
2015-05-05,236.0614186689917,9426.98356188049
2015-05-06,234.5886345711324,7815.770119410173
2015-05-07,233.27805120251276,8759.09265286027
2015-05-08,242.40799064866633,8480.680698470303
2015-05-09,243.87416726838097,5033.01548340007
2015-05-10,242.20913330723815,5137.411289360102
2015-05-11,242.507149050511,5959.516457870194
2015-05-12,242.16782068198262,6440.929251480311
2015-05-13,241.93535829291974,9855.202684230255
2015-05-14,237.5049507630551,10464.316471009954
2015-05-15,237.8462813796689,8991.175597580188
2015-05-16,237.46725921845047,3163.2225722300323
2015-05-17,237.46768033603956,4705.73099284016
2015-05-18,236.17506117227364,6987.395903250346
2015-05-19,233.32469495851262,7036.896551620701
2015-05-20,233.89299365623359,7114.700868640946
2015-05-21,235.52255424204225,6033.253871340869
2015-05-22,238.6564773766622,7738.281831180991
2015-05-23,239.67579416915984,3900.62625333019
2015-05-24,240.36638770682364,3358.3765195000824
2015-05-25,238.64992690765783,3987.1598100904635
2015-05-26,237.58667782330264,5972.517596861891
2015-05-27,237.4688120365208,6704.5032824241025
2015-05-28,237.32266295219324,6077.264762783559
2015-05-29,236.79528350886727,6485.894610732164
2015-05-30,234.0098679072009,6009.058705090311
2015-05-31,232.34651630830967,5938.45094691074
2015-06-01,226.40557431489367,10248.364562911553
2015-06-02,224.7246122487505,9073.288251502941
2015-06-03,226.04094953534445,6831.888296711238
2015-06-04,225.2103194352144,5872.646284310632
2015-06-05,224.99248429635608,6762.90407478107
2015-06-06,224.9962947171586,3691.802117440127
2015-06-07,224.52188529315518,3631.881034630253
2015-06-08,227.08914077293744,6734.324622300583
2015-06-09,230.05651490256446,6530.4914894606245
2015-06-10,229.08815022763235,5948.486436250328
2015-06-11,229.65443769361795,5652.779179990427
2015-06-12,230.06925569920452,5891.585951759808
2015-06-13,231.08139057834015,4244.800077799985
2015-06-14,233.64263509664087,2543.6627538900825
2015-06-15,236.42381509903615,5799.081217560557
2015-06-16,243.89139534667302,10063.037934321352
2015-06-17,252.07872722310387,10075.70329999198
2015-06-18,249.46541199516756,8376.37110835059
2015-06-19,248.50141893490394,6064.101362969973
2015-06-20,244.25322384320992,4543.16307807006
2015-06-21,244.43160893290064,3593.386112529858
2015-06-22,246.29949247822216,5509.315927810076
2015-06-23,245.39220615503643,5335.849939900114
2015-06-24,242.27267790244053,5380.676161810104
2015-06-25,241.86303964826052,5631.955806520172
2015-06-26,241.88431635073437,6556.57009247018
2015-06-27,246.5446407716641,5065.520016640391
2015-06-28,250.06015899562772,4599.579752070468
2015-06-29,254.14512608352655,10157.718789312426
2015-06-30,262.7234832030055,12082.065852903066
2015-07-01,259.93769872913754,8217.545677092341
2015-07-02,257.43925175812655,6365.674228271073
2015-07-03,255.3888256850108,4891.3505419308585
2015-07-04,257.22873347062387,4141.723861030037
2015-07-05,267.28265120863733,8203.8941025104
2015-07-06,273.1767778956945,9878.791889501304
2015-07-07,268.54833407868153,7219.83189007188
2015-07-08,269.59689608661546,7653.016980232006
2015-07-09,270.180496795325,7043.5174971221195
2015-07-10,284.8247432637848,15741.716250092408
2015-07-11,292.3729479732053,8668.077417972421
2015-07-12,305.9952711388108,12702.415448622523
2015-07-13,293.6442208317461,13204.151913272877
2015-07-14,291.8054594975811,7178.3562449412775
2015-07-15,290.89830300991844,7044.020688151013
2015-07-16,281.8766807506755,9162.508769951792
2015-07-17,278.11983444613617,6604.488493461293
2015-07-18,279.19330966685834,4734.593265400905
2015-07-19,276.7688638412575,3330.7522661901826
2015-07-20,277.32919950309025,5350.382236780464
2015-07-21,279.750710178423,5016.599494010332
2015-07-22,276.93127584142286,4679.8699479106035
2015-07-23,277.6298278676543,5390.546810890589
2015-07-24,284.42984735021525,7398.378334491185
2015-07-25,289.1354674211823,4191.0027022801005
2015-07-26,291.9811408270545,3724.309527590155
2015-07-27,292.1175901017775,6321.093695610446
2015-07-28,295.8117517042875,5788.1958404302195
2015-07-29,292.50680575343677,5172.3329779000005
2015-07-30,288.6940151505378,5311.696627990065
2015-07-31,285.93744365673217,5559.808138370212
2015-08-01,281.5185785851419,3967.8312514500203
2015-08-02,280.6246146285548,3415.98765514997
2015-08-03,283.50223939149737,4710.940550819998
2015-08-04,284.1965309875875,5509.649256770009
2015-08-05,283.83153897522243,5743.711753530024
2015-08-06,280.403918403135,4908.998306590048
2015-08-07,279.5445291291783,5406.978053050066
2015-08-08,272.32016553164885,5739.875994800149
2015-08-09,264.5527125914924,5421.867723561532
2015-08-10,265.71475833994384,5302.497229930107
2015-08-11,266.58539713307033,5917.45991766014
2015-08-12,269.3434090962422,6231.670747960247
2015-08-13,265.5003357510832,5439.596153800223
2015-08-14,265.94160393238667,6851.751862770433
2015-08-15,266.37320177195437,3959.089051099968
2015-08-16,259.9540838760086,5718.615185480295
2015-08-17,258.6414165433598,6500.220014091034
2015-08-18,253.8391932554998,8384.993777351305
2015-08-19,230.95437401437636,16672.124423471592
2015-08-20,233.39236353703373,8907.862131411226
2015-08-21,234.575941877161,8025.652786191774
2015-08-22,229.21727044014855,7693.609392101328
2015-08-23,230.09004565493302,4278.288544000464
2015-08-24,219.1028670912513,15851.149793781624
2015-08-25,213.10944829178683,20232.275197198847
2015-08-26,226.74910055007123,9719.775126271137
2015-08-27,226.7477280957511,7960.834002971178
2015-08-28,229.78966330633125,9054.000770871331
2015-08-29,230.88833519939828,4729.962771291227
2015-08-30,229.20957680418545,4909.587303220793
2015-08-31,230.01891014302308,6918.5268858013715
2015-09-01,228.92024828021306,8622.310237382013
2015-09-02,229.03502109526997,7523.225326141224
2015-09-03,228.18573453687816,6378.9093256309125
2015-09-04,229.94377503119844,7196.871749711012
2015-09-05,233.6298778344619,5605.455839160637
2015-09-06,240.67479717025194,5435.352289260625
2015-09-07,241.1369134650812,4946.774396060465
2015-09-08,243.7702373705294,8237.329693450736
2015-09-09,241.15585960240398,6846.858339020172
2015-09-10,239.0674343817799,5802.200686650498
2015-09-11,240.41632542552694,5769.216468760693
2015-09-12,238.68681821757284,5591.450471530123
2015-09-13,233.16669340030404,4758.4265420800775
2015-09-14,231.31957360699306,8062.05949388016
2015-09-15,231.18637906383978,6860.376531360062
2015-09-16,229.45921097693866,8039.186511780237
2015-09-17,231.94148296824756,7489.339000170689
2015-09-18,233.56822003528836,4753.439464600298
2015-09-19,232.9381758488615,3661.153632730054
2015-09-20,232.58386860825027,3598.0286516599954
2015-09-21,229.04824231629283,7577.826959000153
2015-09-22,229.80737234299502,8875.43423688037
2015-09-23,231.1166534980699,6329.220476740441
2015-09-24,232.72339752837783,7845.479871470516
2015-09-25,235.4808944142709,7697.30208368039
2015-09-26,235.11240246025673,4279.028632570095
2015-09-27,233.97122620658553,3302.897574480123
2015-09-28,238.3072155699775,7868.898523330093
2015-09-29,238.8731921358995,6980.349395880496
2015-09-30,237.5981808470285,5624.229776180365
2015-10-01,238.21951651952375,5702.336039950264
2015-10-02,238.38226349104386,5931.743716520073
2015-10-03,239.2809071616074,4414.687935100064
2015-10-04,239.75671888361262,3763.614936780124
2015-10-05,239.3664781918243,7368.063859590422
2015-10-06,244.38807538133227,9192.594273210585
2015-10-07,245.7960700180906,9310.893528840781
2015-10-08,244.3118205665021,5451.289434180615
2015-10-09,243.91072278947135,5062.447715550403
2015-10-10,245.21170107099553,3764.1973778300535
2015-10-11,247.34862415278425,4329.784559970399
2015-10-12,247.5822203698611,5312.756100610356
2015-10-13,248.83373292287447,6470.604757370632
2015-10-14,252.54159147690763,7639.105178760772
2015-10-15,255.22631579567832,6673.143485220273
2015-10-16,260.87105258030994,9052.920940170647
2015-10-17,269.3009002602529,11069.961845611104
2015-10-18,267.5940074185933,5874.63175144056
2015-10-19,265.2557326715006,5377.0413551305855
2015-10-20,269.5629063033321,4507.483096440192
2015-10-21,269.49812610125895,6206.181943490498
2015-10-22,274.011167805705,8661.49302391094
2015-10-23,277.69987951535126,7144.190920700474
2015-10-24,280.9419757533462,5190.123027300204
2015-10-25,289.8459521808544,11220.568477250989
2015-10-26,285.26031024847424,7477.913899460367
2015-10-27,293.7567072573956,11123.51418775267
2015-10-28,301.92796473327985,16047.490770925247
2015-10-29,311.80002629416606,12247.792175524308
2015-10-30,326.52574608981956,16830.18005473135
2015-10-31,318.9851719402824,15213.690831321086
2015-11-01,321.40342356447604,10727.403885752898
2015-11-02,347.9649938611165,19750.025247716756
2015-11-03,391.1125009797738,40167.71384016475
2015-11-04,441.69207130637966,50603.54691539079
2015-11-05,402.63878062977886,27227.733119292632
2015-11-06,372.2262896535871,20036.227303391628
2015-11-07,383.63155715314826,8396.104565584097
2015-11-08,380.1965765445359,7459.024559980503
2015-11-09,374.80814532404446,11225.54697597158
2015-11-10,353.27855673980275,16694.811262731757
2015-11-11,314.3042617331681,18099.011994109147
2015-11-12,328.8989779388548,15783.518175852721
2015-11-13,334.9209208043185,10202.605204401192
2015-11-14,334.42350350215395,6007.5801641903745
2015-11-15,326.82129199856007,6328.932827080931
2015-11-16,325.6484368195249,7295.289514820702
2015-11-17,336.13474611318856,7262.20698749136
2015-11-18,334.51143786316806,5204.293956730427
2015-11-19,330.188815077799,6720.6859305501985
2015-11-20,319.7517381102177,9324.276714250365
2015-11-21,323.713615672526,5125.9399090201805
2015-11-22,324.04537171668403,3425.928601540069
2015-11-23,323.8228901172165,4797.361540700065
2015-11-24,321.2620651448302,5233.901919330139
2015-11-25,323.9739826409328,7870.284962240123
2015-11-26,346.9508506615418,14023.718661010837
2015-11-27,357.056587222439,7234.680705960353
2015-11-28,355.1825826451151,5553.302894990315
2015-11-29,363.7757119528643,5537.863139050383
2015-11-30,376.0045187622239,11424.77472777335
2015-12-01,365.55609315048423,9267.072085860316
2015-12-02,355.8811352330405,8965.812941590306
2015-12-03,363.39093765968835,7242.024572520516
2015-12-04,361.25741461904397,5864.695648910464
2015-12-05,376.3925024764061,8731.712300849991
2015-12-06,392.4013437855244,9639.691834961397
2015-12-07,392.71740119375585,7578.113438201828
2015-12-08,398.5472111368174,8253.413809261676
2015-12-09,414.50172423154294,13732.066559245122
2015-12-10,415.8552154177908,7063.509832670307
2015-12-11,437.4090933536973,13643.36244614483
2015-12-12,436.29719820644834,29525.3133743682
2015-12-13,435.7149689411126,6721.476599930768
2015-12-14,443.8233329452115,165542.7960388324
2015-12-15,456.85594896281214,11008.155856621486
2015-12-16,455.1534623778285,35979.09461999472
2015-12-17,452.97280806758704,6291.389941021103
2015-12-18,460.29723880746496,5044.586796080316
2015-12-19,460.82530656066916,6989.5438634608645
2015-12-20,445.49589686952015,8376.412352911291
2015-12-21,434.950609644915,6845.931203661206
2015-12-22,436.6964884934885,6659.251968930772
2015-12-23,438.80153847295907,7571.520727221074
2015-12-24,454.5999299517526,6860.180530860764
2015-12-25,455.4235023961959,3482.558511750115
2015-12-26,428.86964423204745,13505.210248453606
2015-12-27,421.266354469638,5568.9698883013825
2015-12-28,424.46882789171207,6929.607994860653
2015-12-29,426.8240629903622,6385.916338560516
2015-12-30,429.30815073906746,4883.188429610407
2015-12-31,427.65197460152797,6480.436773680878
2016-01-01,433.35810844691827,3863.267450540446
2016-01-02,435.286345155098,3276.6996211302635
2016-01-03,430.6977740424565,3904.27639811051
2016-01-04,433.93821794700506,5894.435723170155
2016-01-05,433.30018898395247,5150.014175690388
2016-01-06,431.8289840628359,5476.879309441102
2016-01-07,450.860157261787,13907.191729022785
2016-01-08,456.297362374097,8346.841872961002
2016-01-09,452.1122592943203,4247.629650950484
2016-01-10,446.8885341271384,3954.3123995202345
2016-01-11,449.1754820928895,5597.098883150447
2016-01-12,445.90698215194584,6596.927452920587
2016-01-13,431.1829245269598,9009.140709121044
2016-01-14,431.93271804217756,5672.042962450439
2016-01-15,396.04773328633433,28641.663585517865
2016-01-16,371.9036349480028,17984.417284491363
2016-01-17,384.89179893582406,8278.016593480645
2016-01-18,380.19132831597227,8711.449756041327
2016-01-19,379.1812853729992,8133.0958010010445
2016-01-20,398.34716107937106,13874.681659312311
2016-01-21,412.743230014428,8738.940418870918
2016-01-22,392.2816123655489,13430.088991921053
2016-01-23,390.4174483693798,6308.750572200487
2016-01-24,400.545377170484,3550.8082077800755
2016-01-25,394.06802021628323,6489.679811860292
2016-01-26,392.91236832038084,6978.185210350271
2016-01-27,394.29995715687727,6324.074190271132
2016-01-28,384.16825051861207,9103.705498873223
2016-01-29,375.80275168543113,12105.30043689222
2016-01-30,378.8981251227358,4154.191422400966
2016-01-31,377.1522527100061,5505.612053021232
2016-02-01,372.0783489476311,7931.21922922116
2016-02-02,372.8740394084905,6855.837687990963
2016-02-03,370.42002904371094,7147.6076632813765
2016-02-04,380.1126454597,8887.659892403173
2016-02-05,385.8675444227328,7443.919332241922
2016-02-06,375.92708209099067,6276.654737291427
2016-02-07,376.384190356575,4163.71521131084
2016-02-08,374.7579470186802,7094.200957770457
2016-02-09,372.1541602021849,8424.584207501728
2016-02-10,376.25900471711986,9735.14882475267
2016-02-11,375.12667128341553,10339.592258841843
2016-02-12,380.0277109053222,6162.207623371234
2016-02-13,388.55052734740707,5978.850196521453
2016-02-14,399.2055795931781,7556.809060270685
2016-02-15,402.0727209588264,6568.291522841712
2016-02-16,403.8109849952328,5621.545561801541
2016-02-17,414.938102948394,8706.884002700826
2016-02-18,419.2803764966432,6518.570431800763
2016-02-19,419.4412343913459,5799.980151830283
2016-02-20,432.1223924709896,9368.439128881555
2016-02-21,436.8164297195848,7111.124586410938
2016-02-22,436.2910197665006,5131.087447540846
2016-02-23,426.01617734120305,9159.022244632286
2016-02-24,421.2838188458105,7232.267365280789
2016-02-25,422.7960350166568,6049.808115261305
2016-02-26,423.6782402706083,6782.027465281326
2016-02-27,432.3128079529772,5520.472638940957
2016-02-28,430.4627541527449,5149.920090240814
2016-02-29,436.2997294065291,7578.80160940241
2016-03-01,433.2795405568905,7580.2230627811805
2016-03-02,429.5445032852646,7437.588435251546
2016-03-03,417.373921562936,11833.710870932216
2016-03-04,415.8982732056208,8961.099571840477
2016-03-05,396.4556046922066,14900.211664571325
2016-03-06,401.26407522730887,7676.273222990573
2016-03-07,408.05002507518657,9907.96851239085
2016-03-08,411.69715942721024,7501.402135570382
2016-03-09,411.6102140073699,5399.111362040443
2016-03-10,414.08145990815376,7908.671467491167
2016-03-11,418.5694625215079,7041.326243040779
2016-03-12,412.99201485077435,6897.095099000351
2016-03-13,412.6981902587006,4663.298797250339
2016-03-14,413.5926781966794,6672.4626524005125
2016-03-15,415.1356418010116,7354.8295999309985
2016-03-16,415.17503509256176,6274.491810900584
2016-03-17,418.2457160057488,6106.825324800694
2016-03-18,411.1900773614322,8597.57676380073
2016-03-19,408.06654871786736,4840.123579140241
2016-03-20,411.8114706485589,4725.8993477402355
2016-03-21,409.8290586816404,6020.5081082301385
2016-03-22,415.66126812198655,6124.607616060212
2016-03-23,416.8471684041387,5506.779912810241
2016-03-24,415.4775426385987,5064.381545250348
2016-03-25,414.7761111272779,4598.5229683003645
2016-03-26,416.48152262139126,3640.9928567803145
2016-03-27,422.2215930811152,4372.680730540532
2016-03-28,422.68787344914114,5543.980018871119
2016-03-29,416.68144944668995,7387.765908801003
2016-03-30,412.96411444814896,5886.225620879708
2016-03-31,415.066120072163,5335.480275130369
2016-04-01,416.33453535013183,5345.725211571044
2016-04-02,419.18182480110954,4067.215966630459
2016-04-03,419.6618026014625,3243.046258480038
2016-04-04,419.3217026930601,5330.75957329024
2016-04-05,421.228313309187,5414.333366890973
2016-04-06,422.0734848881222,5477.274334921007
2016-04-07,421.4630492922427,5007.4552384607
2016-04-08,421.69638012829927,6558.432629870706
2016-04-09,418.3508785370763,3555.4152711301554
2016-04-10,422.09445293472413,2954.071525400083
2016-04-11,422.6627421685461,4999.366414850276
2016-04-12,426.6734866005203,6940.377850440908
2016-04-13,426.6267800969099,5963.981383860173
2016-04-14,425.8608998174092,4671.439468310201
2016-04-15,428.8247581579262,4281.915449950437
2016-04-16,432.1832246702319,4157.0191391905555
2016-04-17,432.3690992989596,3318.9462769601273
2016-04-18,430.22778653001654,5083.447834360336
2016-04-19,431.0604104069307,5804.53685294059
2016-04-20,439.45631835494015,7592.906678330958
2016-04-21,446.7139133336535,7607.911266811014
2016-04-22,448.72061146065647,7040.845257601556
2016-04-23,450.4745308149701,4551.941056140781
2016-04-24,459.4459659155614,6189.353210940763
2016-04-25,464.6691573088299,9298.714367081278
2016-04-26,468.51317071828845,7510.74623963108
2016-04-27,459.52085103069123,10945.417148741539
2016-04-28,445.4823813533398,8126.271737771124
2016-04-29,453.28511168368567,5970.443212949799
2016-04-30,456.13821919439636,4751.061549680875
2016-05-01,454.966106129821,2957.4322247303103
2016-05-02,447.4710605653442,7499.427770140979
2016-05-03,448.62245235203096,5940.317904211705
2016-05-04,449.530918115031,4856.056300130465
2016-05-05,449.3519648253866,5435.377378261105
2016-05-06,455.16610365830127,6264.394522281097
2016-05-07,461.5403238740693,3456.137868650278
2016-05-08,461.0843288219312,3277.705544830289
2016-05-09,462.370972369298,5763.619523190768
2016-05-10,457.8059077840586,6588.254235160487
2016-05-11,455.326653839681,5941.461845440472
2016-05-12,452.5996429575611,6183.632102080555
2016-05-13,456.3419340654506,5334.395046540177
2016-05-14,457.9053843203328,3484.4805978400314
2016-05-15,460.47177444589244,3219.091725759995
2016-05-16,458.06613561247775,5865.088086090651
2016-05-17,455.4873603841027,6064.37349145038
2016-05-18,456.16980172239755,5511.854746490466
2016-05-19,449.2609698777022,7851.636780771527
2016-05-20,442.25079494213713,7802.098001811405
2016-05-21,445.47976807093954,4037.1817263100365
2016-05-22,444.2045378116485,3728.4974520000233
2016-05-23,443.6070730537235,5550.17686322036
2016-05-24,446.14652009839574,6596.194306551496
2016-05-25,449.8505001334088,6129.850438270648
2016-05-26,452.1965694747838,5930.603257641395
2016-05-27,468.86946455155044,9898.285180274646
2016-05-28,498.0140066202873,11397.179579196847
2016-05-29,525.3800124332793,10345.82912254455
2016-05-30,530.9541854204348,6059.223865062065
2016-05-31,532.2575632887393,8507.007067173263
2016-06-01,533.2558283627644,5586.2832260910545
2016-06-02,535.8436379940159,6301.47334674159
2016-06-03,559.0185552926905,10416.285835101151
2016-06-04,575.9647425570894,6982.807560510448
2016-06-05,577.8288045710351,4824.094501930603
2016-06-06,582.8753577034088,6747.544885680321
2016-06-07,580.6952046702244,9094.01061559282
2016-06-08,579.05174525499,6299.4627090904805
2016-06-09,578.84451276954,5002.597771240378
2016-06-10,578.2839911137388,5593.332258840906
2016-06-11,585.1966985555343,4420.99500490129
2016-06-12,641.2476947111659,18392.670068841726
2016-06-13,692.0634795271432,16410.649214454646
2016-06-14,682.8787388266678,12144.566265451249
2016-06-15,686.4548548956586,7862.357180800885
2016-06-16,739.1691374731212,16616.377018861724
2016-06-17,750.9519044244473,14111.60757290181
2016-06-18,758.4360777548776,9760.120521301193
2016-06-19,758.463909787425,5553.358080181117
2016-06-20,745.8014452493347,9269.877021021748
2016-06-21,678.3604080118608,26356.685551653078
2016-06-22,644.6213122385328,14043.109910261914
2016-06-23,595.1976807497091,21595.898292358645
2016-06-24,667.7019242562427,19693.95323384996
2016-06-25,679.6651617666745,7640.815858791379
2016-06-26,647.0919387593807,5569.827345220555
2016-06-27,645.171918077027,6437.060415540467
2016-06-28,651.2603973752167,6014.177153740639
2016-06-29,638.3233462078633,6448.615709490549
2016-06-30,657.860636583358,7777.658392710735
2016-07-01,678.0204204728099,6840.074283010624
2016-07-02,690.626768593022,4944.083331990412
2016-07-03,676.9196876510391,6525.421321320461
2016-07-04,673.0020966037573,4217.652111260191
2016-07-05,673.4997185222617,5179.945327080275
2016-07-06,673.982053939818,5589.678275690456
2016-07-07,642.069222252559,12145.761817290742
2016-07-08,649.4285236836167,10800.120186729604
2016-07-09,652.1240277537084,10065.730436560678
2016-07-10,650.9837057809883,3839.497052070236
2016-07-11,652.9843279026715,4381.836588070117
2016-07-12,657.4317752789607,10595.844106779454
2016-07-13,664.4828909985356,21722.706941388926
2016-07-14,659.0613764687052,5228.946865390416
2016-07-15,665.3518647550543,4717.418268390156
2016-07-16,666.9296775915694,2943.9243630000306
2016-07-17,673.5248985206305,3857.815780880255
2016-07-18,678.271103682456,4596.7793499301315
2016-07-19,672.601041485577,3798.7414992801596
2016-07-20,670.0705022302308,3459.020201040129
2016-07-21,665.8572618138998,4047.8048449801136
2016-07-22,660.7701260506473,7181.27510633035
2016-07-23,657.7981430232592,4669.285718230197
2016-07-24,660.0496164903935,3387.3568284300973
2016-07-25,657.9306736283255,4025.2238369801253
2016-07-26,654.6316649705362,6235.127840570181
2016-07-27,654.6495853747873,5371.697440310316
2016-07-28,657.2391712165381,3921.5614629501106
2016-07-29,656.7159852814001,4255.971227680225
2016-07-30,657.0137196351069,3032.1013918600365
2016-07-31,639.105230620233,5543.744132100542
2016-08-01,620.6008517820064,7685.873799990472
2016-08-02,584.6932120798398,13916.107686151314
2016-08-03,548.183068516275,21606.58465052913
2016-08-04,580.9129149834907,10018.72642769128
2016-08-05,579.3368757954745,5584.981188410367
2016-08-06,582.8260953848342,3946.870079650059
2016-08-07,593.9116357418909,3283.132510830386
2016-08-08,593.4804924606408,3698.2074773701042
2016-08-09,589.6872606654341,4792.329016040142
2016-08-10,590.8791825409902,9635.695172143047
2016-08-11,592.360361665446,4992.62393478015
2016-08-12,587.453837485195,3923.812281790066
2016-08-13,587.8348150788993,2852.8276290400136
2016-08-14,575.7748626174953,4071.291469590104
2016-08-15,569.161689057854,4385.356730220072
2016-08-16,573.4901994515554,4683.89035979012
2016-08-17,575.6305853887717,4541.181605250097
2016-08-18,575.1825991628313,4035.9764463700217
2016-08-19,574.9317027349026,3877.226649380008
2016-08-20,578.1310795545476,3671.1338035400354
2016-08-21,581.7910075680754,2525.49619914002
2016-08-22,583.2321301192673,4452.807548290068
2016-08-23,582.4186723173426,5094.75186439028
2016-08-24,579.5783786334302,3860.7557610200843
2016-08-25,575.6095142700581,4068.8850839200645
2016-08-26,577.7774604672248,3427.1649188300644
2016-08-27,574.0618351958215,3058.34280370998
2016-08-28,572.3232346695557,2529.5907085000067
2016-08-29,574.1668859488777,4498.2578982100795
2016-08-30,574.7146095723182,4195.199166490027
2016-08-31,572.4825644572057,4475.212574890061
2016-09-01,571.2688780748615,5077.984437290109
2016-09-02,573.9650002129968,4916.728854969997
2016-09-03,583.6327702920228,4653.032124710062
2016-09-04,608.2616472772058,4696.1728197701295
2016-09-05,607.3466575956156,2948.2502517400644
2016-09-06,609.2202051469637,4260.272770630222
2016-09-07,613.6969503526848,4570.5078629000955
2016-09-08,623.6843764188059,5239.566557990141
2016-09-09,622.8409731374734,4621.821392170117
2016-09-10,623.3507207467726,2718.0385069400195
2016-09-11,616.7199016586204,4350.65070470024
2016-09-12,606.8799520980617,3963.7099130302463
2016-09-13,607.9642349370054,3898.936428980194
2016-09-14,609.7365777448595,3786.32638330014
2016-09-15,607.781991461391,3821.869409320765
2016-09-16,606.7999204654719,4251.2527902703005
2016-09-17,607.4286067010604,2937.509511270153
2016-09-18,609.2290648766048,3119.7336022307013
2016-09-19,609.5122703280061,3013.411658930057
2016-09-20,608.5922999031282,4265.77157238009
2016-09-21,598.7985587994852,5302.343599800434
2016-09-22,596.7709039667053,3967.0043351101017
2016-09-23,599.3841258449746,3810.56806704011
2016-09-24,603.7652873955429,2701.7263123200464
2016-09-25,602.2431089211153,2584.4289630800313
2016-09-26,605.5893070598528,4123.890815760175
2016-09-27,605.0375800140844,4393.570651000335
2016-09-28,604.7131528497343,3701.4226396503177
2016-09-29,605.4502796496241,4096.406042200381
2016-09-30,606.0618080192189,4615.134958880374
2016-10-01,613.3845834108703,3587.119281060127
2016-10-02,612.5594023676509,2942.275065210034
2016-10-03,612.9441647563943,4333.898635300095
2016-10-04,610.6048771427861,5039.563746320236
2016-10-05,611.86915767558,4468.014516840272
2016-10-06,612.5508441019228,3969.9473597801325
2016-10-07,615.0400518618841,5103.9308679401765
2016-10-08,618.7534359170753,2847.399533050074
2016-10-09,618.3925854631674,2292.3311106899746
2016-10-10,617.465579771238,3848.333291900176
2016-10-11,631.2601107797213,6095.552960730763
2016-10-12,639.2447663349708,4546.198112460671
2016-10-13,636.4129383463817,3895.6487376206533
2016-10-14,635.2123328912552,4507.056646080839
2016-10-15,638.5051256374185,675.3279735799924
2016-10-16,641.7164089173714,2439.3588789301766
2016-10-17,639.6045097823409,3923.766066940671
2016-10-18,637.2523148410819,4126.2812803803545
2016-10-19,631.2333114357368,4363.016938670698
2016-10-20,628.4818256082559,4203.409576520638
2016-10-21,629.8154577139578,4209.336729690428
2016-10-22,642.8356269873157,4615.622417990439
2016-10-23,651.3521053687899,3088.7300608104947
2016-10-24,649.168652521372,3633.4261410706713
2016-10-25,653.6237490181536,4520.390159290748
2016-10-26,664.961827676033,6096.154551450562
2016-10-27,683.7885886816193,6616.429713390511
2016-10-28,687.7204925795102,4614.197863700128
2016-10-29,710.8533206551728,6535.918096770308
2016-10-30,705.2209686778351,4011.2783932802217
2016-10-31,698.7094333124655,4474.743264700215
2016-11-01,722.4109128414237,6909.074435620537
2016-11-02,726.9891641072602,5096.550953800339
2016-11-03,712.7791628112049,10330.449638331234
2016-11-04,699.5628525637179,5229.148416030297
2016-11-05,704.8346267904194,2999.2044801700204
2016-11-06,712.0574059309163,3013.1605886900697
2016-11-07,707.5756596371461,4162.539158470115
2016-11-08,709.8570421595269,4361.4253428801285
2016-11-09,730.6586297541819,12022.124419680946
2016-11-10,713.9919169362842,4441.332582560166
2016-11-11,715.1306293577959,3363.670914960043
2016-11-12,708.6894309343776,3130.2105721301164
2016-11-13,696.661525069015,4207.675868060127
2016-11-14,702.5392434398901,4818.6690309598625
2016-11-15,708.0651723567216,4792.812483509846
2016-11-16,728.8793797721771,6194.402926890279
2016-11-17,742.3372030101618,4171.493534140051
2016-11-18,743.0595121115791,4633.587145540335
2016-11-19,748.4157660259663,2953.461108239922
2016-11-20,734.3226538121372,4322.0956002300845
2016-11-21,735.2354038562498,2984.933657920081
2016-11-22,740.7533512444287,4276.801576500143
2016-11-23,741.3716340935732,3626.566521390109
2016-11-24,736.9978533340565,3469.9483238001094
2016-11-25,735.0086474234389,3157.783416630034
2016-11-26,734.5036598317524,2706.4252955100465
2016-11-27,732.9366923985134,2682.5665626400573
2016-11-28,731.3990758785701,3864.841210810039
2016-11-29,731.7998656127767,3807.4125890600103
2016-11-30,738.6019798724785,3949.850264650057
2016-12-01,748.9741698062722,4190.156241650058
2016-12-02,768.0598493200354,6040.623022620221
2016-12-03,766.3775898535546,3180.032053420084
2016-12-04,766.113522486577,2758.9336404300316
2016-12-05,755.202333106302,4823.423486610098
2016-12-06,757.5127458295378,4498.74193798007
2016-12-07,762.0818324128682,4572.281150760149
2016-12-08,769.0411364713746,4839.263687690221
2016-12-09,770.2463921731651,3931.431090110137
2016-12-10,774.6766610518885,3363.793531469984
2016-12-11,769.5591958353759,3104.8936125400155
2016-12-12,777.7841653297501,4389.855858710012
2016-12-13,781.1504987416189,5414.377404790225
2016-12-14,778.2154164579232,4485.624603050078
2016-12-15,778.4268946659132,5927.173531359853
2016-12-16,780.2690923866076,5717.798959070182
2016-12-17,788.4661434128365,4364.320370910006
2016-12-18,790.0695526748601,2846.94584841997
2016-12-19,792.3636264280972,5496.161551270395
2016-12-20,791.931405824072,5925.190601270307
2016-12-21,816.6419512884328,8442.856649590767
2016-12-22,855.7813815722049,8778.034580870719
2016-12-23,897.275274830321,12733.315800920678
2016-12-24,902.3469149763773,6457.962536820384
2016-12-25,872.2126199861916,5379.919085580607
2016-12-26,900.071077193251,3292.9223550901233
2016-12-27,922.8791821493777,6719.933931560398
2016-12-28,954.0739110571101,9792.336531291056
2016-12-29,972.1364238030538,8997.609017220739
2016-12-30,955.7434802223878,7945.404280170962
2016-12-31,960.4732608029352,3837.277885920144
2017-01-01,985.8012901594873,4421.451875610235
2017-01-02,1012.0207754458369,7723.412101621398
2017-01-03,1021.2202528779308,8615.160058141018
2017-01-04,1089.8181148072676,16222.220266662476
2017-01-05,1033.3909516772262,20446.395615455913
2017-01-06,924.6372826797252,14274.25147881336
2017-01-07,868.3030196006961,11217.167458704762
2017-01-08,923.6237961807245,5409.81401909092
2017-01-09,899.0968108682757,5909.027031671004
2017-01-10,906.2415980757696,7221.480176651221
2017-01-11,829.8594767364274,19443.625284278965
2017-01-12,790.9846975335709,13200.340747882656
2017-01-13,812.7096344882207,10492.663710022123
2017-01-14,834.00984140434,4774.327404320865
2017-01-15,826.5964534541044,2940.9931486201704
2017-01-16,834.3095691488602,3428.881930450236
2017-01-17,883.135383449896,7253.218370600862
2017-01-18,883.1959227848107,6937.966523651039
2017-01-19,898.1569634159221,5070.154630010364
2017-01-20,898.2647219350915,3110.5786669401145
2017-01-21,917.9808685473688,4666.654865890592
2017-01-22,926.9048212600068,5043.484248010482
2017-01-23,922.610990693151,4142.902273890001
2017-01-24,904.9756137944385,6401.4851526908
2017-01-25,896.2385762158945,4535.039693690608
2017-01-26,910.563147466465,4717.512492990182
2017-01-27,919.8974366662563,3719.055485790279
2017-01-28,923.9908119437001,2634.5079973900356
2017-01-29,921.4656227249355,2592.1595537500384
2017-01-30,920.5032327277947,3622.266662030257
2017-01-31,951.3364505428079,6732.918486640516
2017-02-01,975.6077989122948,5985.513851720594
2017-02-02,996.71293396425,5728.199798770296
2017-02-03,1012.7361374410597,6776.259718460516
2017-02-04,1022.7184948276422,4793.790726160177
2017-02-05,1018.9050537889385,4621.210064660218
2017-02-06,1022.3841728056974,4366.745314850099
2017-02-07,1044.6277666011433,5492.290009010174
2017-02-08,1051.25473920275,6979.852431060288
2017-02-09,997.6576101960826,16569.59090403213
2017-02-10,984.1464404833358,7943.696336821052
2017-02-11,1012.166018210221,4321.9197956404
2017-02-12,1012.7151539445296,1315.488957899981
2017-02-13,1002.6454688980787,4721.27918283046
2017-02-14,1008.040470418804,5910.420327950441
2017-02-15,1012.6709704457677,4493.590665890208
2017-02-16,1029.3557741710192,5996.283232510508
2017-02-17,1052.6612677017588,6333.731153780405
2017-02-18,1065.942286964368,3922.09488542013
2017-02-19,1057.958011581408,3025.214245060064
2017-02-20,1068.868193904851,4434.191985200343
2017-02-21,1106.6225719669924,7487.514017710637
2017-02-22,1126.191420318151,6035.673467590536
2017-02-23,1157.5396472765474,7574.429959200489
2017-02-24,1180.7791314800609,12746.64744846294
2017-02-25,1158.9708676988487,6033.458197950946
2017-02-26,1163.1011354548068,4454.433994960285
2017-02-27,1190.5306258482651,5776.356893890679
2017-02-28,1197.315119258132,6720.3623694211965
2017-03-01,1215.3727421116216,8122.387291600628
2017-03-02,1251.6544408916193,8940.183351120946
2017-03-03,1277.6832992681502,8289.898210091698
2017-03-04,1274.9335527901096,6385.003406330794
2017-03-05,1267.2999046113757,3996.6150797301584
2017-03-06,1280.792288314012,4763.524311550301
2017-03-07,1237.1842151377507,10810.858903361359
2017-03-08,1188.096211455739,13024.962929982017
2017-03-09,1181.6758539378127,8524.455371541235
2017-03-10,1179.5391299156327,25699.667478972875
2017-03-11,1170.4639118137886,10281.208149541673
2017-03-12,1210.2075665419993,6728.360445901097
2017-03-13,1236.5980383082872,9584.076013453032
2017-03-14,1247.2345231962347,7464.17969536082
2017-03-15,1253.6384451050114,7273.205364300559
2017-03-16,1207.0492373863576,16599.239710214068
2017-03-17,1122.2447915791606,19222.723772391375
2017-03-18,1002.3515331864373,23963.77126485215
2017-03-19,1015.8638568718453,13516.87841727191
2017-03-20,1035.7880153980802,8919.391268510839
2017-03-21,1089.7254575919512,12493.148303390866
2017-03-22,1043.2502061128007,14576.675823502246
2017-03-23,1034.5522088537305,7782.257349870553
2017-03-24,974.8298654378185,19003.388168940604
2017-03-25,929.3200985068272,16664.999714311733
2017-03-26,977.7652457543926,9222.445666570835
2017-03-27,1007.7380502756472,10023.19686865053
2017-03-28,1042.9484552195906,9263.703487750667
2017-03-29,1033.6902863968437,8768.710001220412
2017-03-30,1039.4908155007674,8285.396451280392
2017-03-31,1065.9700951042937,11067.076482490671
2017-04-01,1089.873752913094,6967.52577201034
2017-04-02,1101.3600785636006,7642.637032510381
2017-04-03,1142.5047452196338,12499.318238841084
2017-04-04,1145.7125384658716,9316.733021940985
2017-04-05,1130.8495017122848,8604.798391590446
2017-04-06,1169.2046983766393,11239.763186280694
2017-04-07,1192.5783118727336,7014.787223170194
2017-04-08,1187.5469502543883,4575.717117190312
2017-04-09,1199.0782260847768,5825.400067080145
2017-04-10,1211.7376378970082,5600.360372110292
2017-04-11,1216.8215764603246,5434.450239350106
2017-04-12,1218.8332624906611,6442.770329930383
2017-04-13,1183.8868951850247,9435.138761381386
2017-04-14,1182.43086055252,5685.32017858094
2017-04-15,1180.0444203480738,3765.606025830306
2017-04-16,1172.6336798861296,3403.8977967501746
2017-04-17,1181.7870631826886,6438.129608130895
2017-04-18,1198.2522786570032,6306.962426890888
2017-04-19,1201.7637911466643,5936.478141370589
2017-04-20,1225.4444747389732,8069.059974310742
2017-04-21,1246.779663717251,6577.988182230584
2017-04-22,1245.0887474448043,6286.2980641302975
2017-04-23,1247.3561189830846,4981.717500310309
2017-04-24,1252.6940013585472,5902.721861870169
2017-04-25,1275.4859075021209,8001.103634040608
2017-04-26,1298.887150240544,9636.074041080692
2017-04-27,1327.9249286180116,10327.636191021375
2017-04-28,1339.2263408626704,13544.704726101705
2017-04-29,1354.8723266588902,10216.97695030151
2017-04-30,1356.1819287905764,10320.109878511184
2017-05-01,1427.9820621815084,17036.80758683125
2017-05-02,1460.8611435459827,12113.769612961167
2017-05-03,1487.2639246861597,15943.000676272006
2017-05-04,1573.2478198904944,26561.67922304285
2017-05-05,1582.7928330936525,17371.174103552075
2017-05-06,1581.091153718346,9481.605417631226
2017-05-07,1589.0075170311827,11302.300379741007
2017-05-08,1639.6296658362323,15777.089090942689
2017-05-09,1721.616428443545,19829.48943098928
2017-05-10,1756.2042673953626,14003.200046512342
2017-05-11,1836.1146917591095,15831.487206442405
2017-05-12,1755.961561903692,16076.515092463686
2017-05-13,1701.0357779081487,12696.494786723351
2017-05-14,1796.3849368928063,7078.995175321548
2017-05-15,1747.2014986680701,9919.645140571842
2017-05-16,1741.1588807310907,11453.250496402032
2017-05-17,1807.9220223343366,13787.439591012391
2017-05-18,1837.91010902017,11268.372645741436
2017-05-19,1935.526022521782,18912.84316365106
2017-05-20,2004.1630900008747,13020.054139361251
2017-05-21,2052.917683856444,17792.531749071662
2017-05-22,2171.883109962098,27728.981811147845
2017-05-23,2197.685701722614,19450.745184500836
2017-05-24,2366.6917444859664,24080.7016216609
2017-05-25,2574.1995370966547,35815.45785197887
2017-05-26,2373.073323860374,33074.2868793825
2017-05-27,2111.691186053659,33227.882266500725
2017-05-28,2219.4024934524873,18203.316704700705
2017-05-29,2266.389490189743,16753.212829861677
2017-05-30,2251.343434191586,20209.73007818097
2017-05-31,2241.860360752187,22815.34497922854
2017-06-01,2397.587676132893,21448.66990860973
2017-06-02,2420.639539375442,12674.866515761198
2017-06-03,2533.089452288972,13425.691465911246
2017-06-04,2514.6959512078256,13886.56487000231
2017-06-05,2602.7229423201907,13584.313499011467
2017-06-06,2810.314168392782,28568.748071349302
2017-06-07,2786.561112081364,18939.03175784151
2017-06-08,2733.809456096714,14159.830474001797
2017-06-09,2826.5964501919716,11280.989068931225
2017-06-10,2863.834149790691,17240.336730881434
2017-06-11,2930.946869793816,17480.195620762042
2017-06-12,2756.188113170854,37892.923700595835
2017-06-13,2707.116464885832,21222.024155770512
2017-06-14,2614.0305439238423,27605.49348106953
2017-06-15,2319.9085557309068,41510.70342496888
2017-06-16,2432.1362363640474,22724.26499112777
2017-06-17,2556.292899884953,17477.216911065832
2017-06-18,2563.737843139194,14389.048789417466
2017-06-19,2550.847674347533,13796.463932678145
2017-06-20,2674.8570354286135,18838.58970194579
2017-06-21,2689.49564372893,18282.824650264316
2017-06-22,2670.282484410963,12388.589305411198
2017-06-23,2703.6457857527266,9776.716360901964
2017-06-24,2626.482646936299,12683.487778743092
2017-06-25,2535.678411377032,13544.4462787214
2017-06-26,2423.2525589933193,19637.81559872264
2017-06-27,2386.1771700711247,21882.676873000684
2017-06-28,2536.9167636874763,17315.36840162049
2017-06-29,2558.922360891739,9196.141875610963
2017-06-30,2507.820211043042,11450.520860291346
2017-07-01,2450.7344647380887,8896.215077401479
2017-07-02,2462.2974098143877,8989.671110831212
2017-07-03,2525.6980836622165,10242.854758081898
2017-07-04,2597.097502749084,10361.763887411269
2017-07-05,2584.3970527387232,10386.43599424134
2017-07-06,2599.034978694157,8282.129193030738
2017-07-07,2544.9198154983233,11404.395311041058
2017-07-08,2514.5788103088266,7797.848960511079
2017-07-09,2552.2704600377233,5907.232479250581
2017-07-10,2424.771605754739,13236.732229732235
2017-07-11,2341.0254015780656,17551.00659491317
2017-07-12,2337.7488297792834,14050.53921919171
2017-07-13,2359.7026005941225,9855.80976005112
2017-07-14,2254.1096472754625,13151.877201351406
2017-07-15,2080.857280984658,15849.606647542912
2017-07-16,1915.1692999350116,22183.16889598642
2017-07-17,2057.4856299130383,20711.251121769692
2017-07-18,2282.754884398449,24134.253948065427
2017-07-19,2299.686098326047,18857.7011160103
2017-07-20,2559.965626859805,31093.173807354462
2017-07-21,2750.162942874093,28810.76607432426
2017-07-22,2780.859935525635,12256.28063884297
2017-07-23,2778.0659133118475,10311.311671913525
2017-07-24,2758.106519667882,8144.085521121838
2017-07-25,2598.630165125813,18939.92107203123
2017-07-26,2496.490814623811,12852.742238412395
2017-07-27,2572.358469146944,10232.169971820716
2017-07-28,2742.910178236359,17455.039053351145
2017-07-29,2717.695047041522,9625.76212418102
2017-07-30,2671.541612798072,8736.46973594118
2017-07-31,2783.8639765274784,11293.62177418138
2017-08-01,2802.2271957854864,9828.694042502384
2017-08-02,2709.87641765889,8531.89743638117
2017-08-03,2747.8271969198067,7202.316404210274
2017-08-04,2825.564468232337,7823.279523510679
2017-08-05,3139.143875350679,21437.269786758192
2017-08-06,3222.6288880907337,8552.65168789073
2017-08-07,3331.576961562669,11263.569187351015
2017-08-08,3417.4721703786445,15903.108970612262
2017-08-09,3343.540467042982,13398.28317002188
2017-08-10,3399.652402087925,9358.219875770841
2017-08-11,3533.730017215569,14159.32543818086
2017-08-12,3794.511735877435,19853.424113890396
2017-08-13,4027.28944832995,23696.00747162755
2017-08-14,4205.881609880328,19665.28912160083
2017-08-15,4135.391376034734,32284.813174816456
2017-08-16,4185.787267115284,17908.287657099627
2017-08-17,4335.51432064491,20124.369359119723
2017-08-18,4173.855485298589,20531.163039870677
2017-08-19,4094.523187556095,11004.072220091104
2017-08-20,4110.777760581741,7413.328383750292
2017-08-21,4030.1074466880027,13072.477291169887
2017-08-22,3900.7775519041893,21765.764215140676
2017-08-23,4145.812417934061,12165.455839701051
2017-08-24,4202.839994503064,9761.008261500507
2017-08-25,4361.915821423624,11473.109833891187
2017-08-26,4316.400933808025,6142.259021620852
2017-08-27,4347.534398036504,6609.02700425089
2017-08-28,4312.723864127367,10176.244568011709
2017-08-29,4507.991552045948,14287.824145001576
2017-08-30,4580.727570085527,10239.686827909603
2017-08-31,4686.871765136917,13046.798288380607
2017-09-01,4820.008931885489,16526.788469700685
2017-09-02,4717.532440561581,19346.861059949217
2017-09-03,4630.72929845261,11562.17077148108
2017-09-04,4438.653704172637,19664.064098099436
2017-09-05,4387.571065361455,16655.13134882153
2017-09-06,4568.48572568498,16140.495916771351
2017-09-07,4586.427800682283,8718.42605937095
2017-09-08,4384.38199891085,20909.372380250516
2017-09-09,4316.549087943064,10316.290692230175
2017-09-10,4243.64438975153,9972.070038860948
2017-09-11,4222.080409457126,9263.26750736063
2017-09-12,4224.08157196209,11771.217593631052
2017-09-13,3922.32235952727,22025.905624289204
2017-09-14,3524.129172283845,33805.30358697833
2017-09-15,3435.3681696101444,54020.94813419586
2017-09-16,3779.290144348835,19083.052814010065
2017-09-17,3675.4395497933015,11591.972485100498
2017-09-18,3962.940283212945,16667.647490650623
2017-09-19,3972.510892513251,13529.222019790854
2017-09-20,3943.4876138944774,8930.657542970695
2017-09-21,3756.163201273603,14925.87213762136
2017-09-22,3621.218742791827,12857.876215470535
2017-09-23,3726.807449595174,6334.011117501079
2017-09-24,3709.040455329388,4691.8524580506755
2017-09-25,3855.515904468012,9148.076701010514
2017-09-26,3918.4429752751466,5915.447728071529
2017-09-27,4074.4452183230133,11056.543193059852
2017-09-28,4190.143624639507,8329.784366451482
2017-09-29,4133.73156421397,9926.735672650675
2017-09-30,4271.261975267636,6284.545055640709
2017-10-01,4314.660224412963,4996.143857950493
2017-10-02,4402.70679579025,8429.798829359646
2017-10-03,4315.675200862269,9900.318203949237
2017-10-04,4249.796789594044,6122.28804634051
2017-10-05,4266.719218333146,6546.684066781319
2017-10-06,4360.87866109903,6327.654690851164
2017-10-07,4357.757934613427,3805.6605941699677
2017-10-08,4519.37758230007,7278.093140039704
2017-10-09,4710.437893588543,13546.148170930801
2017-10-10,4827.769796750035,13332.241724950349
2017-10-11,4793.651161030964,7653.258219890628
2017-10-12,5140.0192826683515,18521.43078748889
2017-10-13,5607.722166796507,26771.10608865582
2017-10-14,5671.228964104036,8267.452830329257
2017-10-15,5633.902839874326,12039.513259269814
2017-10-16,5685.927850060982,8530.857341569388
2017-10-17,5633.736041662565,8924.231959151753
2017-10-18,5381.507325285472,16935.651196302257
2017-10-19,5652.371001597066,9023.3070504096
2017-10-20,5898.1554987193595,15960.441016380919
2017-10-21,6068.479604772039,14344.302243651806
2017-10-22,5914.938359191038,10346.182043951429
2017-10-23,5849.25716719923,15845.31579477126
2017-10-24,5664.481510159713,17685.642912440868
2017-10-25,5532.815288200455,13552.929990871782
2017-10-26,5845.131124615434,11795.888676970008
2017-10-27,5818.024353113288,9152.038898271045
2017-10-28,5774.565332968596,5474.942880610156
2017-10-29,6030.400088369961,12079.452125990278
2017-10-30,6112.898576993012,8065.846183241067
2017-10-31,6319.249739233239,14123.336258651618
2017-11-01,6559.003870547158,20322.258659890278
2017-11-02,6998.137730827923,34173.32320887497
2017-11-03,7241.226089972228,23206.78437219877
2017-11-04,7300.931780472175,13409.869045210657
2017-11-05,7490.535273422414,15538.984927762027
2017-11-06,7158.11474623056,23458.853107496347
2017-11-07,7097.403351242008,14167.703015801875
2017-11-08,7418.816870879364,36746.17315223751
2017-11-09,7235.133971160907,17509.407216822994
2017-11-10,6801.315632604733,32791.17191689532
2017-11-11,6474.179324444981,24975.577098059002
2017-11-12,6017.410728544991,49610.2852415801
2017-11-13,6389.488680828523,35150.890523823895
2017-11-14,6599.725397545932,19505.257749634013
2017-11-15,7063.483050541545,27327.128463802954
2017-11-16,7568.869959819423,28404.999212654377
2017-11-17,7819.781785379844,23950.50122293725
2017-11-18,7685.038047146094,14531.69066311961
2017-11-19,7922.723222544137,14085.483396931719
2017-11-20,8170.596455257232,15479.89616064296
2017-11-21,8121.316791534074,29504.806697014432
2017-11-22,8196.486619746545,13107.940087562238
2017-11-23,8181.136948225955,11685.689643011272
2017-11-24,8182.127293114847,14205.47289520297
2017-11-25,8522.558910731002,16239.79093042329
2017-11-26,9206.919540134539,27568.019670507296
2017-11-27,9651.360612606035,24642.09816180524
2017-11-28,9892.840318517106,18393.081716960198
2017-11-29,10368.578491277134,66345.90110928554
2017-11-30,9940.3294832311,39976.73529156177
2017-12-01,10293.184141797976,32352.839765189106
2017-12-02,10946.056300506369,19500.134249260052
2017-12-03,11317.806361633198,30111.53725418356
2017-12-04,11389.214464585319,19535.803093801176
2017-12-05,11730.844593424292,17076.406456451015
2017-12-06,12934.987970608861,48284.063501880504
2017-12-07,15913.273463901425,79693.6799511646
2017-12-08,16148.286292324969,63728.10410052065
2017-12-09,15263.356751046276,37269.62767970457
2017-12-10,14840.53468885299,45816.31393127505
2017-12-11,16677.141652498216,36371.396850335914
2017-12-12,17240.08029675641,33418.018149996125
2017-12-13,17003.21904485087,29024.66051601302
2017-12-14,16754.66450280232,15556.18136279421
2017-12-15,17500.586219797155,27651.37285163365
2017-12-16,18767.431193978853,24347.99135162548
2017-12-17,19455.62805904346,21169.974794057693
2017-12-18,18779.790857900643,25749.173617097535
2017-12-19,18046.796368178108,31731.114046484683
2017-12-20,16627.512504859522,47290.58744268625
2017-12-21,16071.712440080126,28525.30350849672
2017-12-22,13581.691802890902,102472.32607958974
2017-12-23,15082.897006239149,30274.04327934848
2017-12-24,14139.531783676386,24418.23233157173
2017-12-25,14146.857129415583,14635.757424741409
2017-12-26,15492.830390150257,22226.11896893925
2017-12-27,15512.080366745364,24478.16291845815
2017-12-28,14278.627182460517,30988.584513342932
2017-12-29,14606.928255620202,18227.238135219246
2017-12-30,13467.896755805807,28470.946141465207
2017-12-31,13471.1095407484,18299.84869442314
2018-01-01,13423.653494111912,12058.250842562893
2018-01-02,14174.271232622257,26096.438800561107
2018-01-03,14998.951771995407,17616.320928663557
2018-01-04,14867.084715774028,19567.016551297715
2018-01-05,16025.684982338744,22587.94684086776
2018-01-06,16710.929123587648,13744.76259228186
2018-01-07,16414.747360298545,12201.374037951357
2018-01-08,15096.687708070145,22800.169507105966
2018-01-09,14776.316796274146,14965.72705303446
2018-01-10,14219.423607552653,22510.82234273911
2018-01-11,13576.868920115568,28464.432941765936
2018-01-12,13603.700145873401,14666.87537083167
2018-01-13,14202.516662559461,10348.719832090972
2018-01-14,13633.658845757098,10624.989876311407
2018-01-15,13831.602317263512,10378.658926071545
2018-01-16,11738.706313971996,61313.32205534036
2018-01-17,10530.952947149748,63279.70098614673
2018-01-18,11555.696070146518,29752.408851226322
2018-01-19,11464.08034000873,15752.903985802881
2018-01-20,12397.322685357658,18396.05188315215
2018-01-21,11835.145436642448,16086.24661546364
2018-01-22,10776.64690980966,24031.011363330148
2018-01-23,10720.00217595442,21601.643608531576
2018-01-24,10982.293730899788,14927.293505697648
2018-01-25,11291.895593400775,13422.69046396522
2018-01-26,10930.428963072236,18615.70514303216
2018-01-27,11214.408000492715,11988.760635532459
2018-01-28,11451.705414549395,13323.539530216416
2018-01-29,11141.17671729893,10971.308877234163
2018-01-30,10293.119290341656,27217.27657366972
2018-01-31,9905.226509966958,19225.971331765744
2018-02-01,9124.474163137285,37608.80616104297
2018-02-02,8437.589561692199,51286.21290217114
2018-02-03,8931.605606869975,23450.218189346033
2018-02-04,8510.382353695166,23838.072755752484
2018-02-05,7259.250874081118,59108.75628180939
2018-02-06,6826.268817350407,91326.32791939695
2018-02-07,7935.825105027408,50367.86847183874
2018-02-08,8184.579890898945,30869.539503040778
2018-02-09,8236.681389722786,26963.47823189022
2018-02-10,8637.469928575434,24529.572042230884
2018-02-11,8183.21498612741,16524.51682101135
2018-02-12,8624.484945434533,19308.86763368135
2018-02-13,8626.77188416512,13672.383418211964
2018-02-14,9101.69152295044,23932.92900919055
2018-02-15,9840.515840472446,31730.64229107797
2018-02-16,10036.719102249039,17438.71721174281
2018-02-17,10700.065450535458,20431.432505121826
2018-02-18,10753.406318745205,26240.0619189392
2018-02-19,10894.51914866268,17095.661173853245
2018-02-20,11455.7809657754,27969.620714471428
2018-02-21,10752.584412087326,29179.264501961756
2018-02-22,10174.13634758112,27767.30872603115
2018-02-23,9986.197187577767,20353.256460161672
2018-02-24,9898.103791926229,19329.70472172313
2018-02-25,9568.173827795723,11490.162314431616
2018-02-26,10043.301262163057,18385.150597801658
2018-02-27,10546.238042469333,17758.990090342686
2018-02-28,10643.053586424938,18942.77736501151
2018-03-01,10710.946314213554,15010.85295586385
2018-03-02,10982.1827707908,13512.580258823175
2018-03-03,11317.109889666655,12837.323231742175
2018-03-04,11269.375371723238,8346.31954449089
2018-03-05,11520.575170324015,10816.680572271353
2018-03-06,10956.904376810426,17778.10886993296
2018-03-07,10063.269489953691,31916.1373103828
2018-03-08,9580.31431308401,22928.715217852732
2018-03-09,8876.522325475398,41404.15107315398
2018-03-10,9192.509205427197,17098.81766340311
2018-03-11,9189.509710985669,21541.01354729259
2018-03-12,9328.487137625043,21095.55814817267
2018-03-13,9150.643820353978,16999.673069232365
2018-03-14,8546.795300959242,27337.411918221656
2018-03-15,8070.286758037834,27485.7977708805
2018-03-16,8321.192146864434,16815.723243322176
2018-03-17,8019.308078725041,13342.86625445172
2018-03-18,7668.963658922348,30124.77610216314
2018-03-19,8389.366950427717,25169.214294732363
2018-03-20,8704.168775067328,20066.81832443176
2018-03-21,8956.17382980637,15572.520607131908
2018-03-22,8733.502808471996,14827.218228421141
2018-03-23,8540.172620310275,15008.336682541445
2018-03-24,8813.886413928316,11663.23292938182
2018-03-25,8523.795679751855,8200.569679081145
2018-03-26,8105.394824571271,18860.603287970614
2018-03-27,7985.465725964003,14494.544960081017
2018-03-28,7898.309966334616,11540.351428810905
2018-03-29,7389.207531381152,26695.080830489984
2018-03-30,6869.911565987202,29066.21411829149
2018-03-31,7014.208076888817,14765.08494299223
2018-04-01,6746.192669220005,15036.089309972895
2018-04-02,6975.358734191454,13945.982233522436
2018-04-03,7304.3433208830065,18600.450371681734
2018-04-04,7024.192371369727,14376.638522992602
2018-04-05,6737.72215901532,14415.601460433463
2018-04-06,6650.174497525749,10727.533113311647
2018-04-07,6887.265049564055,10098.013764481202
2018-04-08,6985.4970943735025,6329.253913200823
2018-04-09,6859.222718881662,13613.430877952238
2018-04-10,6788.853270818846,7417.579525531037
2018-04-11,6883.988929705779,7372.542566610617
2018-04-12,7502.755256931661,29777.950260983383
2018-04-13,7990.388890184041,22905.270954871394
2018-04-14,8004.5409332151685,9629.303585541853
2018-04-15,8223.667010737301,9579.894795231452
2018-04-16,8104.667676935566,13328.81875975226
2018-04-17,8011.737009772798,10806.764484471432
2018-04-18,8070.262896745556,10753.35469791165
2018-04-19,8215.25063746983,11597.467198601844
2018-04-20,8495.106436589496,15337.063481872161
